{"columns":[0,1,2,3,4,5,6,7,8,9,10,11,12,13,14,15,16,17,18,19,20,21,22,23,24,25,26,27,28,29,30,31,32,33,34,35,36,37,38,39,40,41,42,43,44,45,46,47,48,49,50,51,52,53,54,55,56,57],"index":[0,1,2,3,4,5,6],"data":[[-330.1826782227,65.5729293823,-28.8367385864,18.9856624603,-27.244934082,-4.1878471375,-17.2810211182,-17.9844169617,-21.2755489349,-9.5794048309,-26.6817474365,-1.2498011589,-22.8688220978,-15.5224323273,-6.3447170258,-13.8214931488,-18.1022624969,-1.9164063931,-14.4180803299,-8.6106367111,-5.1157073975,-1.920563817,0.1576109678,2.0460782051,3.7851769924,-1.3699791431,1.3168613911,-0.6367497444,1.9952402115,2.2317876816,-0.9611173868,0.292727083,-0.0154594425,0.4995157719,2.0906422138,-1.1231793165,0.2784292996,0.3755108714,2.0699510574,1.5917118788,-0.2581101656,-0.7062825561,0.58980757,1.0970299244,2.6473853588,1.3346989155,2.8549380302,3.1233386993,1.1182396412,0.9023234248,1.3327633142,1.3323427439,0.7347471118,0.2423599511,0.9066786766,0.5736691952,-0.047734715,0.3895505667],[-124.0647545829,22.0881472822,-0.0513362065,5.4560189092,-5.2965575888,-5.0502699903,-3.9660067119,-11.2752403147,-6.6434568325,-6.5146891481,-9.3254079768,-2.7280816289,-7.2848025376,-7.1659234029,0.0744681031,-6.0888495027,-6.2538897352,-0.3443000845,-4.9425997453,-4.1023981615,0.9026032089,1.0314590757,3.7070725104,5.3251260057,3.7710631246,1.6867741996,0.73965853,1.1526017915,2.9182501166,2.8555701835,0.8728765009,0.4020096463,-0.5257666511,0.4707847922,0.7760227164,-0.5298045609,-0.7566011523,-0.0161025589,0.4410799633,-0.0687409923,-0.7962847627,-1.6310853973,-0.9017282483,-0.2774990114,0.0337969864,0.4233382913,0.9633051284,1.0322862185,-0.0591672624,-0.5490133193,0.2656171679,-0.163258959,-0.5903067282,-0.5399524346,-0.0328210834,-0.0590281327,-0.1203602371,-0.7007647039],[-349.371307373,64.6445159912,-31.2964096069,18.6042766571,-28.4908180237,-5.2613401413,-18.2932109833,-18.9234523773,-21.2958221436,-9.3982458115,-27.2573852539,-1.8325812817,-23.2223205566,-15.9362096786,-5.5620102882,-13.6708984375,-17.6436843872,-1.2310363054,-14.4999523163,-8.4928750992,-4.5755825043,-1.2715281248,0.8098964095,2.3548505306,3.9786915779,-2.1566581726,0.9235504866,-0.6654748321,2.2233884335,2.3438396454,-1.1564661264,-0.2281246334,-0.2340471148,0.3180509806,2.3225233555,-0.9855896235,-0.214393124,0.49079445,2.498115778,1.8677526712,-0.0716000125,-0.8780474663,0.4514266849,0.985675633,2.8143982887,1.5077722073,3.0226535797,3.2940001488,0.7972306609,0.5973247886,1.1430362463,1.4042131901,0.9801968932,0.0275471862,0.7020863295,0.6456515789,0.3416992128,0.4039144218],[-327.9761657715,66.4152908325,-29.0094108582,19.2615528107,-27.4226112366,-4.030960083,-17.2727718353,-18.0738449097,-21.2934703827,-9.5537691116,-26.7066249847,-1.1134995222,-22.9713459015,-15.5417747498,-6.101044178,-13.8842954636,-18.148891449,-1.739231348,-14.4524583817,-8.6709680557,-5.1428637505,-2.006606102,0.107653223,2.0590164661,3.7477924824,-1.5027514696,1.2892894745,-0.6437610388,2.0145418644,2.259663105,-0.9415378571,0.3459794819,0.0372647196,0.5138226748,2.0997271538,-1.1050927639,0.3130250275,0.3473958075,2.0500586033,1.5533856153,-0.2572599649,-0.6360198855,0.5587248802,1.0313619375,2.6391522884,1.3442307711,2.8138108253,3.1001079082,1.1173293591,0.9551788568,1.3496624231,1.2626518011,0.6645386815,0.251268357,0.9218440056,0.5311155319,-0.0819536373,0.4223347604],[-342.9052429199,61.4312591553,-29.4690933228,14.1194477081,-30.1593971252,-6.7626919746,-20.1366195679,-21.218996048,-18.9110546112,-13.8219194412,-25.5183143616,-3.6569356918,-27.9405574799,-10.5066785812,-8.576505661,-19.0559024811,-14.0495834351,-2.8676576614,-17.4296779633,-2.0139153004,-2.4069442749,3.8081681728,0.4351217449,4.5096597672,-1.2758404016,-1.1295201778,1.1086859703,0.9501186013,3.187680006,-0.6135776043,-2.5109961033,1.2345860004,-0.4884655178,2.5881123543,0.1069824249,0.4172501862,2.0380272865,2.7046585083,2.067548275,-1.1555825472,-1.0965045691,1.3812377453,2.7214994431,2.9893772602,1.6294802427,1.8908897638,3.0934357643,-0.0349371023,0.1889538169,1.7170726061,1.3485674858,0.3102875054,0.1986824572,0.8461156487,-0.0864765197,-1.1229683161,-0.0440119505,-0.7950204611],[-347.8218994141,70.7975921631,-31.5826721191,19.361951828,-30.5806789398,-3.8323123455,-19.7066364288,-18.1732254028,-22.8613376617,-9.0986642838,-28.2678394318,-1.3592681885,-24.4034328461,-16.2880764008,-7.3966321945,-14.4749946594,-19.6930274963,-1.3617750406,-16.0268993378,-8.5809659958,-5.0299282074,-0.5041296482,0.3152984977,2.9609987736,3.781113863,-2.2301459312,1.1580297947,-0.7669559121,2.3716847897,2.7740793228,-1.2871240377,-0.6091199517,-0.7247508764,-0.2033087462,2.3714036942,-0.9180945158,0.3417358994,1.0162570477,3.1638219357,2.5401587486,0.1962942928,-1.1832896471,0.4705071747,1.4230059385,3.1471164227,1.3837431669,2.7775790691,3.3532168865,0.2976366878,0.4575355947,1.3860596418,1.6400694847,0.9199924469,-0.3306775391,0.7821896672,0.4047987759,0.0189549364,0.2949812114],[-347.8218994141,70.7975921631,-31.5826721191,19.361951828,-30.5806789398,-3.8323123455,-19.7066364288,-18.1732254028,-22.8613376617,-9.0986642838,-28.2678394318,-1.3592681885,-24.4034328461,-16.2880764008,-7.3966321945,-14.4749946594,-19.6930274963,-1.3617750406,-16.0268993378,-8.5809659958,-5.0299282074,-0.5041296482,0.3152984977,2.9609987736,3.781113863,-2.2301459312,1.1580297947,-0.7669559121,2.3716847897,2.7740793228,-1.2871240377,-0.6091199517,-0.7247508764,-0.2033087462,2.3714036942,-0.9180945158,0.3417358994,1.0162570477,3.1638219357,2.5401587486,0.1962942928,-1.1832896471,0.4705071747,1.4230059385,3.1471164227,1.3837431669,2.7775790691,3.3532168865,0.2976366878,0.4575355947,1.3860596418,1.6400694847,0.9199924469,-0.3306775391,0.7821896672,0.4047987759,0.0189549364,0.2949812114]]}